[
  {
      "tipo": null,
      "periodo": "11/01/2018",
      "valorSaldo": 0.0,
      "valorCarteira": 0.0,
      "valorCDI": 0.0,
      "dtMesAno": "2018-11-01T00:00:00",
      "lstGrafico": null,
      "statusSecao": null
  },
  {
      "tipo": null,
      "periodo": "12/01/2018",
      "valorSaldo": 0.0,
      "valorCarteira": 0.0,
      "valorCDI": 0.0,
      "dtMesAno": "2018-12-01T00:00:00",
      "lstGrafico": null,
      "statusSecao": null
  },
  {
      "tipo": null,
      "periodo": "01/01/2019",
      "valorSaldo": 10324765.92,
      "valorCarteira": 11.56,
      "valorCDI": 0.54,
      "dtMesAno": "2019-01-01T00:00:00",
      "lstGrafico": null,
      "statusSecao": null
  },
  {
      "tipo": null,
      "periodo": "02/01/2019",
      "valorSaldo": 0.0,
      "valorCarteira": 0.0,
      "valorCDI": 0.0,
      "dtMesAno": "2019-02-01T00:00:00",
      "lstGrafico": null,
      "statusSecao": null
  },
  {
      "tipo": null,
      "periodo": "03/01/2019",
      "valorSaldo": 0.0,
      "valorCarteira": 0.0,
      "valorCDI": 0.0,
      "dtMesAno": "2019-03-01T00:00:00",
      "lstGrafico": null,
      "statusSecao": null
  },
  {
      "tipo": null,
      "periodo": "04/01/2019",
      "valorSaldo": 0.0,
      "valorCarteira": 0.0,
      "valorCDI": 0.0,
      "dtMesAno": "2019-04-01T00:00:00",
      "lstGrafico": null,
      "statusSecao": null
  },
  {
      "tipo": null,
      "periodo": "05/01/2019",
      "valorSaldo": 0.0,
      "valorCarteira": 0.0,
      "valorCDI": 0.0,
      "dtMesAno": "2019-05-01T00:00:00",
      "lstGrafico": null,
      "statusSecao": null
  },
  {
      "tipo": null,
      "periodo": "06/01/2019",
      "valorSaldo": 0.0,
      "valorCarteira": 0.0,
      "valorCDI": 0.0,
      "dtMesAno": "2019-06-01T00:00:00",
      "lstGrafico": null,
      "statusSecao": null
  },
  {
      "tipo": null,
      "periodo": "07/01/2019",
      "valorSaldo": 0.0,
      "valorCarteira": 0.0,
      "valorCDI": 0.0,
      "dtMesAno": "2019-07-01T00:00:00",
      "lstGrafico": null,
      "statusSecao": null
  },
  {
      "tipo": null,
      "periodo": "08/01/2019",
      "valorSaldo": 0.0,
      "valorCarteira": 0.0,
      "valorCDI": 0.0,
      "dtMesAno": "2019-08-01T00:00:00",
      "lstGrafico": null,
      "statusSecao": null
  },
  {
      "tipo": null,
      "periodo": "09/01/2019",
      "valorSaldo": 0.0,
      "valorCarteira": 0.0,
      "valorCDI": 0.0,
      "dtMesAno": "2019-09-01T00:00:00",
      "lstGrafico": null,
      "statusSecao": null
  },
  {
      "tipo": null,
      "periodo": "10/01/2019",
      "valorSaldo": 0.0,
      "valorCarteira": 0.0,
      "valorCDI": 0.0,
      "dtMesAno": "2019-10-01T00:00:00",
      "lstGrafico": null,
      "statusSecao": null
  }
]