[
  {
      "familia": "RENDA FIXA",
      "amount": 5672097.55,
      "corFamilia": "#002958",
      "percentual": 54.94,
      "lstGrafico": null,
      "statusSecao": null
  },
  {
      "familia": "MULTIMERCADO",
      "amount": 3353892.27,
      "corFamilia": "#C04918",
      "percentual": 32.48,
      "lstGrafico": null,
      "statusSecao": null
  },
  {
      "familia": "RENDA VARIÁVEL",
      "amount": 806999.14,
      "corFamilia": "#610000",
      "percentual": 7.82,
      "lstGrafico": null,
      "statusSecao": null
  },
  {
      "familia": "CAMBIAL",
      "amount": 171248.21,
      "corFamilia": "#B07011",
      "percentual": 1.66,
      "lstGrafico": null,
      "statusSecao": null
  },
  {
      "familia": "POUPANÇA",
      "amount": 12680.11,
      "corFamilia": "#0279AC",
      "percentual": 0.12,
      "lstGrafico": null,
      "statusSecao": null
  },
  {
      "familia": "CURTO PRAZO",
      "amount": 17896.63,
      "corFamilia": "#000000",
      "percentual": 0.17,
      "lstGrafico": null,
      "statusSecao": null
  },
  {
      "familia": "PREVIDÊNCIA",
      "amount": 289952.01,
      "corFamilia": "#402068",
      "percentual": 2.81,
      "lstGrafico": null,
      "statusSecao": null
  }
]