{
    "private": {
      "ti": "A",
      "backoffice": "W",
      "marketing1": "W",
      "produtos2": "W",
      "marketing2": "W",
      "automatico": "W"
    },
    "safrainvest": {
      "ti": "A",
      "backoffice": "W",
      "marketing1": "W",
      "produtos2": "W",
      "marketing2": "W",
      "automatico": "W"
    },
    "outros": {
      "ti": "A",
      "backoffice": "W",
      "marketing1": "W",
      "produtos2": "W",
      "marketing2": "W",
      "automatico": "W"
    },

    "private-backoffice":{
        "backoffice-previdencia":"A",
        "backoffice-fundos":"A",
        "backoffice-coe":"W",
        "backoffice":"P"
    },
    "private-backoffice-previdencias":{
        "retorno":"A"
    },
    "private-backoffice-fundos":{
        "retorno":"A"
    },
    "private-backoffice-coe":{
        "retorno":"W"
    },
    "safrainvest-backoffice":{
        "backoffice-previdencia":"A",
        "backoffice-fundos":"A",
        "backoffice-coe":"W",
        "backoffice":"P"
    },
    "safrainvest-backoffice-previdencias":{
        "retorno":"P"
    },
    "safrainvest-backoffice-fundos":{
        "retorno":"A"
    },
    "safrainvest-backoffice-coe":{
        "retorno":"A"
    },
    "outros-backoffice":{
        "backoffice-previdencia":"A",
        "backoffice-fundos":"A",
        "backoffice-coe":"W",
        "backoffice":"P"
    },
    "outros-backoffice-previdencias":{
        "retorno":"P"
    },
    "outros-backoffice-fundos":{
        "retorno":"A"
    },
    "outros-backoffice-coe":{
        "retorno":"A"
    }
}
